id,bailleur_id,bien_id,agent_validateur_id,agent_createur_id,option,prix,description,statut,date_publication
1,,1,,2,VENTE,12000000.0,UNE-PARCELLE-DE-252-M²-EN-VENTE-A-OUAGADOUGOU-QUARTIER-TAMPOUY-A-12.000.000,PUBLIEE,2026-06-24 17:06:33.238668+00:00
2,3,2,,,VENTE,11000000.0,PARCELLE-250-M²-EN-VENTE-A-OUAGADOUGOU-QUARTIER-TAMPOUY2-A-11.000.000,PUBLIEE,2026-06-24 17:06:33.262123+00:00
3,,3,,2,VENTE,12500000.0,PARCELLE-200-M²-EN-VENTE-A-OUAGADOUGOU-QUARTIER-TAMPOUY1-A-12.500.000,PUBLIEE,2026-06-24 17:06:33.284435+00:00
4,4,4,,,VENTE,15000000.0,PARCELLE-350-M²-EN-VENTE-A-OUAGADOUGOU-QUARTIER-SAMADIN2-A-15.000.000,PUBLIEE,2026-06-24 17:06:33.308497+00:00
5,,5,,1,VENTE,14000000.0,PARCELLE-300-M²-EN-VENTE-A-OUAGADOUGOU-QUARTIER-SAMADIN1-A-14.000.000,PUBLIEE,2026-06-24 17:06:33.332936+00:00
6,3,6,,,VENTE,14500000.0,PARCELLE-350-M²-EN-VENTE-A-OUAGADOUGOU-QUARTIER-SAMADIN1-A-14.500.000,PUBLIEE,2026-06-24 17:06:33.361574+00:00
7,,7,,2,VENTE,16500000.0,PARCELLE-150-M²-EN-VENTE-A-OUAGADOUGOU-QUARTIER-TAGHIN-A-16.500.000,PUBLIEE,2026-06-24 17:06:33.394939+00:00
8,4,8,,,VENTE,15500000.0,TRÈS-BONNE-OPPORTUNITÉ-D’UNE-PARCELLE-DE-660-M²-EN-VENTE-A-OUAGADOUGOU-QUARTIER-SOMGANDE-A-15.500.000,PUBLIEE,2026-06-24 17:06:33.426174+00:00
9,,9,,2,VENTE,16500000.0,TRÈS-BONNE-OPPORTUNITÉ-D’UNE-PARCELLE-DE-500-M²-EN-VENTE-A-OUAGADOUGOU-QUARTIER-SOMGANDE-A-16.500.000,PUBLIEE,2026-06-24 17:06:33.461556+00:00
10,4,10,,,VENTE,14000000.0,UNE-BELLE-PARCELLE-D’UNE-SUPERFICIE-DE-418-M²-EN-VENTE-A-OUAGA2000-EXTENSION-SUD-A-14.000.000,PUBLIEE,2026-06-24 17:06:33.496108+00:00
11,,11,,2,VENTE,10500000.0,UNE-GRANDE-PARCELLE-DUNE-SUPERFICIE-DE-5000-M²-EN-VENTE-A-OUAGADOUGOU-QUARTIER-RIMKIETA-A-10.500.000,PUBLIEE,2026-06-24 17:06:33.527664+00:00
12,3,12,,,VENTE,10000000.0,UNE-PARCELLE-AVEC-BÂTI-DE-254-M²-EN-VENTE-A-OUAGADOUGOU-QUARTIER-TAMPOUY-A-10.000.000,PUBLIEE,2026-06-24 17:06:33.559099+00:00
13,,13,,1,VENTE,32500000.0,UNE-PARCELLE-CLÔTURÉE-D’UNE-SUPERFICIE-DE-400-M²-EN-VENTE-À-OUAGA2000-EXTENSION-SUD-A-32.500.000,PUBLIEE,2026-06-24 17:06:33.593868+00:00
14,3,14,,,VENTE,44500000.0,UNE-PARCELLE-CLÔTURÉE-DE-TYPE-PAN-COUPE-DE-5.083-M²-EN-VENTE-A-OUAGADOUGOU-QUARTIER-OUAGA2000-A-44.500.000,PUBLIEE,2026-06-24 17:06:33.626875+00:00
15,,15,,1,VENTE,9000000.0,UNE-PARCELLE-D’UNE-SUPERFICIE-DE-7-520-M²-EN-VENTE-A-OUAGADOUGOU-QUARTIER-KAMBOINSE-A-9.000.000,PUBLIEE,2026-06-24 17:06:33.661391+00:00
16,3,16,,,VENTE,20000000.0,UNE-PARCELLE-D’UNE-SUPERFICIE-DE-240-M²-EN-VENTE-A-OUAGADOUGOU-QUARTIER-BONHEUR-VILLE-A-20.000.000,PUBLIEE,2026-06-24 17:06:33.700425+00:00
17,,17,,1,VENTE,8000000.0,UNE-PARCELLE-D’UNE-SUPERFICIE-DE-352-M²-EN-VENTE-A-OUAGADOUGOU-QUARTIER-BAROGO-A-8.000.000,PUBLIEE,2026-06-24 17:06:33.733816+00:00
18,3,18,,,VENTE,10000000.0,UNE-PARCELLE-DE-366-M2-EN-VENTE-A-OUAGADOUGOU-QUARTIER-TENGANDOGO-A-10.000.000,PUBLIEE,2026-06-24 17:06:33.766344+00:00
19,,19,,1,VENTE,14000000.0,UNE-PARCELLE-DE-400-M²-EN-VENTE-A-KAMBOINSE-A-14.000.000,PUBLIEE,2026-06-24 17:06:33.795900+00:00
20,3,20,,,VENTE,13250000.0,UNE-PARCELLE-DE-450-M²-EN-VENTE-À-OUAGADOUGOU-QUARTIER-KALGONDE-A-13.250.000,PUBLIEE,2026-06-24 17:06:33.827632+00:00
21,,21,,1,VENTE,80500000.0,UNE-VILLA-F5-AVEC-PISCINE-ANNEXE-CONSTRUITE-SUR-UNE-PARCELLE-DE-546-M²-EN-VENTE-A-KOULOUBA-A-80.500.000,PUBLIEE,2026-06-24 17:06:33.859971+00:00
22,4,22,,,LOCATION,10000000.0,UNE-VILLA-DE-TYPE-F4-NOUVELLE-CONSTRUCTION-EN-LOCATION-A-OUAGADOUGOU-QUARTIER-BASSINKO-A-1.500.000/années,PUBLIEE,2026-06-24 17:06:33.894731+00:00
23,,23,,2,LOCATION,45500000.0,UNE-VILLA-DE-TYPE-F4-EN-LOCATION-A-LA-CITE-AZIMMO-DE-TAMPOUY-A-45.500.000,PUBLIEE,2026-06-24 17:06:33.929359+00:00
24,4,24,,,VENTE,60000000.0,UNE-VILLA-DE-TYPE-F4-BATIMENT-SUR-UNE-PARCELLE-DE-300-M²-EN-VENTE-A-OUAGADOUGOU-QUARTIER-ZONE-I-A-60.000.000,PUBLIEE,2026-06-24 17:06:33.963427+00:00
25,,25,,2,LOCATION,35500000.0,UNE-VILLA-DE-TYPE-F3-EN-LOCATION-A-LA-CITE-DE-LA-DIASPORA-A-GUIGUEMTENGA-A-35.500.000,PUBLIEE,2026-06-24 17:06:33.995618+00:00
26,4,26,,,LOCATION,45600000.0,UNE-TRES-BELLE-VILLA-EQUIPEE-EN-LOCATION-A-LA-ZONE-DU-BOIS-A-45.600.000,PUBLIEE,2026-06-24 17:06:34.029086+00:00
27,,27,,1,VENTE,53600000.0,UNE-SUPERBE-VILLA-DE-TYPE-F5-BATIMENT-SUR-UNE-PARCELLE-DE-563-M²-EN-A-OUAGADOUGOU-QUARTIER-PISSY-A-53.600.000,PUBLIEE,2026-06-24 17:06:34.065065+00:00
28,4,28,,,VENTE,45700000.0,UNE-MAISON-DE-TYPE-F3-BÂTIMENT-SUR-UNE-PARCELLE-DE-384-M²-EN-VENTE-À-OUAGADOUGOU-QUARTIER-ZONE-I-A-45.700.000,PUBLIEE,2026-06-24 17:06:34.097967+00:00
29,,29,,2,VENTE,35600000.0,UNE-BELLE-VILLA-DE-TYPE-F5-A-LOUER-A-OUAGADOUGOU-QUARTIER-NAGRIN-A-35.600.000,PUBLIEE,2026-06-24 17:06:34.130948+00:00
30,4,30,,,LOCATION,41600000.0,UNE-BELLE-VILLA-DE-TYPE-F4-EN-LOCATION-A-OUAGADOUGOU-QUARTIER-SAABA-A-41.600.000,PUBLIEE,2026-06-24 17:06:34.162593+00:00
31,,31,,2,LOCATION,40100000.0,UNE-BELLE-VILLA-DE-TYPE-F4-EN-LOCATION-A-OUAGADOUGOU-QUARTIER-SAABA-A-40.100.000,PUBLIEE,2026-06-24 17:06:34.223808+00:00
32,4,32,,,LOCATION,40000000.0,UNE-BELLE-VILLA-DE-TYPE-F4-EN-LOCATION-A-OUAGADOUGOU-QUARTIER-SAABA-A-40.000.000,PUBLIEE,2026-06-24 17:06:34.252891+00:00
33,,33,,1,LOCATION,40800000.0,DEUX-MINI-VILLAS-NOUVELLE-CONSTRUCTION-EN-LOCATION-A-OUAGADOUGOU-QUARTIER-TENGANDOGO-A-40.800.000,PUBLIEE,2026-06-24 17:06:34.285369+00:00
34,4,34,,,LOCATION,40050000.0,DEUX-MINI-VILLAS-NOUVELLE-CONSTRUCTION-EN-LOCATION-A-OUAGADOUGOU-QUARTIER-GARGHIN-A-40.050.000,PUBLIEE,2026-06-24 17:06:34.317211+00:00
35,,35,,2,LOCATION,30900000.0,DEUX-MINI-VILLAS-EN-LOCATION-TENGANDOGO-GNAMIAN-BAZI-A-30.900.000,PUBLIEE,2026-06-24 17:06:34.354192+00:00
36,4,36,,,LOCATION,30100000.0,UNE-MINI-VILLAS-EN-LOCATION-TENGANDOGO-GNAMIAN-A-30.100.000,PUBLIEE,2026-06-24 17:06:34.388217+00:00
37,,37,,1,VENTE,50100000.0,NE-SUPERBE-VILLA-DE-TYPE-F5-BATIMENT-SUR-UNE-PARCELLE-DE-569s-M²-EN-A-OUAGADOUGOU-QUARTIER-PISSY-A-50.100.000,PUBLIEE,2026-06-24 17:06:34.425064+00:00
38,4,38,,,LOCATION,29100000.0,UNE-VILLA-DE-TYPE-F4-EN-LOCATION-A-LA-CITE-AZIMMO-DE-TAMPOUY-A-29.100.000,PUBLIEE,2026-06-24 17:06:34.462712+00:00
39,,39,,1,LOCATION,28100000.0,UNE-VILLA-DE-TYPE-F4-NOUVELLE-CONSTRUCTION-EN-LOCATION-A-OUAGADOUGOU-QUARTIER-BASSINKO-A-28.100.000,PUBLIEE,2026-06-24 17:06:34.503955+00:00
40,3,40,,,VENTE,60100000.0,UNE-MAISON-DE-TYPE-F3-BÂTIMENT-SUR-UNE-PARCELLE-DE-384-M²-EN-VENTE-À-OUAGADOUGOU-QUARTIER-ZONE-I-A-60.100.000,PUBLIEE,2026-06-24 17:06:34.546618+00:00
41,,41,,1,LOCATION,10000000.0,UN-MAGNIFIQUE-DUPLEX-DE-TYPE-F9-EN-LOCATION-A-OUAGADOUGOU-QUARTIER-BONHEUR-VILLE-A-10.000.000/année,PUBLIEE,2026-06-24 17:06:34.585004+00:00
42,3,42,,,LOCATION,75000000.0,UN-MAGNIFIQUE-DUPLEX-DE-TYPE-F4-AVEC-PISCINE-EN-LOCATION-A-OUAGADOUGOU-QUARTIER-SOMGANDE-A-75.000.000,PUBLIEE,2026-06-24 17:06:34.621578+00:00
43,,43,,1,LOCATION,10000000.0,UN-IMMEUBLE-R6-EN-LOCATION-A-OUAGADOUGOU-QUARTIER-SANYIRI-11.000.000/année,PUBLIEE,2026-06-24 17:06:34.656201+00:00
44,4,44,,,LOCATION,10000000.0,UN-IMMEUBLE-R3-EN-LOCATION-À-OUAGADOUGOU-QUARTIER-CISSIN-A-16.000.000/année,PUBLIEE,2026-06-24 17:06:34.693134+00:00
45,,45,,1,VENTE,115000000.0,UN-GRAND-DUPLEX-À-RÉNOVER-BÂTI-SUR-UNE-PARCELLE-DE-TYPE-PAN-COUPE-DE-775-M²-EN-VENTE-À-OUAGADOUGOU-QUARTIER-SAMADIN-A-115.000.000,PUBLIEE,2026-06-24 17:06:34.732145+00:00
46,4,46,,,VENTE,75000000.0,UNE-VILLA-DUPLEX-DE-TYPE-F7-BATI-SUR-UNE-PARCELLE-DE-360-M²-EN-VENTE-A-OUAGADOUGOU-QUARTIER-TENGANDOGO-A-75.000.000,PUBLIEE,2026-06-24 17:06:34.765096+00:00
47,,47,,1,LOCATION,10000000.0,UN-DUPLEX-EN-LOCATION-A-OUAGADOUGOU-QUARTIER-ZOGONA-A-15.000.000/année,PUBLIEE,2026-06-24 17:06:34.798390+00:00
48,3,48,,,LOCATION,10000000.0,UN-APPARTEMENT-DE-06-PIECES-EN-LOCATION-A-OUAGADOUGOU-QUARTIER-WAYALGHIN-A-10.000.000/année,PUBLIEE,2026-06-24 17:06:34.832164+00:00
49,,49,,2,LOCATION,10000000.0,UN-DUPLEX-EN-LOCATION-A-OUAGADOUGOU-QUARTIER-ZOGONA-A-17.000.000/année,PUBLIEE,2026-06-24 17:06:34.868181+00:00
50,3,50,,,LOCATION,10000000.0,UN-IMMEUBLE-R6-EN-LOCATION-A-OUAGADOUGOU-QUARTIER-SANYIRI-A-20.500.000/année,PUBLIEE,2026-06-24 17:06:34.911539+00:00
51,,51,,1,LOCATION,90100000.0,UN-IMMEUBLE-R3-EN-LOCATION-À-OUAGADOUGOU-QUARTIER-CISSIN-A-90.100.000,PUBLIEE,2026-06-24 17:06:34.956498+00:00
52,3,52,,,LOCATION,10000000.0,DES-BUREAUX-SITUES-SUR-UN-IMMEUBLE-R5-EN-LOCATION-A-OUAGADOUGOU-QUARTIER-1200-LOGEMENTS-A-25.100.000/année,PUBLIEE,2026-06-24 17:06:35.000327+00:00
53,,53,,1,LOCATION,10000000.0,DES-BUREAUX-SITUES-SUR-UN-IMMEUBLE-R3-EN-LOCATION-A-BOINSYAARE-A-10.000.000/année,PUBLIEE,2026-06-24 17:06:35.033942+00:00
54,3,54,,,LOCATION,10000000.0,DES-BUREAUX-EN-LOCATION-SUR-UN-IMMEUBLE-R2-A-OUAGA2000-ZONE-C-–-EN-BORDURE-DU-BOULEVARD-MOUAMMAR-KADHAFI-A-40.000.000/année,PUBLIEE,2026-06-24 17:06:35.074561+00:00
55,,55,,2,LOCATION,10000000.0,DES-BUREAUX-EN-LOCATION-SUR-UN-IMMEUBLE-R2-A-OUAGA2000-ZONE-C-–-EN-BORDURE-DU-BOULEVARD-MOUAMMAR-KADHAFI-A-45.000.000/année,PUBLIEE,2026-06-24 17:06:35.115461+00:00
56,3,56,,,LOCATION,10000000.0,N-APPARTEMENT-DE-06-PIECES-EN-LOCATION-A-OUAGADOUGOU-QUARTIER-WAYALGHIN-A-18.000.000/année,PUBLIEE,2026-06-24 17:06:35.156510+00:00
57,,57,,2,LOCATION,10000000.0,DES-BUREAUX-SITUES-SUR-UN-IMMEUBLE-R3-EN-LOCATION-A-BOINSYAARE-A-11.000.000/année,PUBLIEE,2026-06-24 17:06:35.205515+00:00
58,3,58,,,LOCATION,10000000.0,UN-IMMEUBLE-R3-EN-LOCATION-À-OUAGADOUGOU-QUARTIER-CISSIN-A-9.000.000/année,PUBLIEE,2026-06-24 17:06:35.244817+00:00
59,,59,,2,LOCATION,10000000.0,UN-MAGNIFIQUE-DUPLEX-DE-TYPE-F9-EN-LOCATION-A-OUAGADOUGOU-QUARTIER-BONHEUR-VILLE-A-12.000.000/année,PUBLIEE,2026-06-24 17:06:35.284209+00:00
60,4,60,,,LOCATION,10000000.0,UN-DUPLEX-EN-LOCATION-A-OUAGADOUGOU-QUARTIER-ZOGONA-A-1.000.000/année,PUBLIEE,2026-06-24 17:06:35.327120+00:00
61,,61,,2,LOCATION,10000000.0,UN-MAGNIFIQUE-TRIPLEX-DE-TYPE-F6-EN-LOCATION-A-OUAGADOUGOU-QUARTIER-ZOGONA-A-1.000.000-CFA/mois,PUBLIEE,2026-06-24 17:06:35.365028+00:00
62,3,62,,,VENTE,10000000.0,UN-TRIPLEX-DE-STANDING-AVEC-PISCINE-EN-VENTE-A-OUAGADOUGOU-QUARTIER-OUAGA-2000-A-91.000.000-CFA,PUBLIEE,2026-06-24 17:06:35.403926+00:00
63,,63,,2,LOCATION,10000000.0,UN-SPACIEUX-TRIPLEX-DE-TYPE-F7-EN-LOCATION-A-OUAGADOUGOU-QUARTIER-BONHEUR-VILLE-A-1.200.000-CFA/mois,PUBLIEE,2026-06-24 17:06:35.445193+00:00
64,3,64,,,VENTE,10000000.0,UN-TRIPLEX-MODERNE-DE-TYPE-F5-EN-VENTE-A-OUAGADOUGOU-QUARTIER-CISSIN-A-61.000.000-CFA,PUBLIEE,2026-06-24 17:06:35.491941+00:00
65,,65,,2,VENTE,10000000.0,UN-GRAND-TRIPLEX-BATI-SUR-UNE-PARCELLE-DE-500-M²-EN-VENTE-A-OUAGADOUGOU-QUARTIER-KARPALA-A-81.000.000-CFA,PUBLIEE,2026-06-24 17:06:35.531446+00:00
66,3,66,,,LOCATION,10000000.0,UN-TRIPLEX-DE-LUXE-AVEC-GARAGE-DOUBLE-EN-LOCATION-A-OUAGADOUGOU-QUARTIER-KOULOUBA-A-900.000-CFA/mois,PUBLIEE,2026-06-24 17:06:35.570358+00:00
67,,67,,2,VENTE,10000000.0,UN-TRIPLEX-DE-TYPE-F8-AVEC-TERRASSE-EN-VENTE-A-OUAGADOUGOU-QUARTIER-WAYALGHIN-A-63.000.000-CFA,PUBLIEE,2026-06-24 17:06:35.605585+00:00
68,3,68,,,LOCATION,10000000.0,UN-TRIPLEX-MEUBLE-DE-TYPE-F6-EN-LOCATION-A-OUAGADOUGOU-QUARTIER-GOUNGHIN-A-1.500.000-CFA/mois,PUBLIEE,2026-06-24 17:06:35.642609+00:00
69,,69,,2,VENTE,10000000.0,UN-MAGNIFIQUE-TRIPLEX-DE-STANDING-EN-VENTE-A-OUAGADOUGOU-QUARTIER-PATTE-D'OIE-A-65.000.000-CFA,PUBLIEE,2026-06-24 17:06:35.680585+00:00
70,3,70,,,LOCATION,10000000.0,UN-TRIPLEX-DE-TYPE-F7-AVEC-JARDIN-EN-LOCATION-A-OUAGADOUGOU-QUARTIER-TANGHIN-A-1.600.000-CFA/mois,PUBLIEE,2026-06-24 17:06:35.758193+00:00
71,,71,,2,VENTE,10000000.0,UN-TRIPLEX-MODERNE-AVEC-PISCINE-ET-DEPENDANCE-EN-VENTE-A-OUAGADOUGOU-QUARTIER-SAABA-A-51.000.000-CFA,RETIREE,2026-06-24 17:06:35.792993+00:00
72,4,72,,,VENTE,10000000.0,UN-VASTE-TRIPLEX-DE-TYPE-F9-EN-VENTE-A-OUAGADOUGOU-QUARTIER-OUAGA-2000-A-54.000.000-CFA,RETIREE,2026-06-24 17:06:35.833469+00:00
73,,73,,1,LOCATION,10000000.0,UN-TRIPLEX-DE-HAUT-STANDING-EN-LOCATION-A-OUAGADOUGOU-QUARTIER-CISSIN-A-2.000.000-CFA/mois,RETIREE,2026-06-24 17:06:35.871141+00:00
74,3,74,,,VENTE,10000000.0,UN-TRIPLEX-AVEC-TOIT-TERRASSE-EN-VENTE-A-OUAGADOUGOU-QUARTIER-ZAD-A-63.000.000-CFA,RETIREE,2026-06-24 17:06:35.904002+00:00
75,,75,,2,LOCATION,10000000.0,UN-ELEGANT-TRIPLEX-DE-TYPE-F6-EN-LOCATION-A-OUAGADOUGOU-QUARTIER-SOMGANDE-A-1.000.000-CFA/mois,RETIREE,2026-06-24 17:06:35.936630+00:00
76,3,76,,,VENTE,10000000.0,UN-TRIPLEX-DE-STANDING-DE-TYPE-F7-AVEC-PISCINE-EN-VENTE-A-OUAGADOUGOU-QUARTIER-BONHEUR-VILLE-A-58.000.000-CFA,RETIREE,2026-06-24 17:06:35.975733+00:00
77,,77,,1,LOCATION,100000.0,location de boutique ,PUBLIEE,2026-06-24 20:35:48.347514+00:00
78,,78,,2,VENTE,12000000.0,UNE-PARCELLE-DE-252-M²-EN-VENTE-A-OUAGADOUGOU-QUARTIER-TAMPOUY-A-12.000.000,PUBLIEE,2026-06-25 19:05:39.854937+00:00
79,3,79,,,VENTE,11000000.0,PARCELLE-250-M²-EN-VENTE-A-OUAGADOUGOU-QUARTIER-TAMPOUY2-A-11.000.000,PUBLIEE,2026-06-25 19:05:39.892751+00:00
80,,80,,2,VENTE,12500000.0,PARCELLE-200-M²-EN-VENTE-A-OUAGADOUGOU-QUARTIER-TAMPOUY1-A-12.500.000,PUBLIEE,2026-06-25 19:05:39.925729+00:00
81,4,81,,,VENTE,15000000.0,PARCELLE-350-M²-EN-VENTE-A-OUAGADOUGOU-QUARTIER-SAMADIN2-A-15.000.000,PUBLIEE,2026-06-25 19:05:39.962368+00:00
82,,82,,1,VENTE,14000000.0,PARCELLE-300-M²-EN-VENTE-A-OUAGADOUGOU-QUARTIER-SAMADIN1-A-14.000.000,PUBLIEE,2026-06-25 19:05:39.996516+00:00
83,3,83,,,VENTE,14500000.0,PARCELLE-350-M²-EN-VENTE-A-OUAGADOUGOU-QUARTIER-SAMADIN1-A-14.500.000,PUBLIEE,2026-06-25 19:05:40.024905+00:00
84,,84,,1,VENTE,16500000.0,PARCELLE-150-M²-EN-VENTE-A-OUAGADOUGOU-QUARTIER-TAGHIN-A-16.500.000,PUBLIEE,2026-06-25 19:05:40.053666+00:00
85,4,85,,,VENTE,15500000.0,TRÈS-BONNE-OPPORTUNITÉ-D’UNE-PARCELLE-DE-660-M²-EN-VENTE-A-OUAGADOUGOU-QUARTIER-SOMGANDE-A-15.500.000,PUBLIEE,2026-06-25 19:05:40.080987+00:00
86,,86,,2,VENTE,16500000.0,TRÈS-BONNE-OPPORTUNITÉ-D’UNE-PARCELLE-DE-500-M²-EN-VENTE-A-OUAGADOUGOU-QUARTIER-SOMGANDE-A-16.500.000,PUBLIEE,2026-06-25 19:05:40.109595+00:00
87,3,87,,,VENTE,14000000.0,UNE-BELLE-PARCELLE-D’UNE-SUPERFICIE-DE-418-M²-EN-VENTE-A-OUAGA2000-EXTENSION-SUD-A-14.000.000,PUBLIEE,2026-06-25 19:05:40.137509+00:00
88,,88,,1,VENTE,10500000.0,UNE-GRANDE-PARCELLE-DUNE-SUPERFICIE-DE-5000-M²-EN-VENTE-A-OUAGADOUGOU-QUARTIER-RIMKIETA-A-10.500.000,PUBLIEE,2026-06-25 19:05:40.167365+00:00
89,3,89,,,VENTE,10000000.0,UNE-PARCELLE-AVEC-BÂTI-DE-254-M²-EN-VENTE-A-OUAGADOUGOU-QUARTIER-TAMPOUY-A-10.000.000,PUBLIEE,2026-06-25 19:05:40.195481+00:00
90,,90,,1,VENTE,32500000.0,UNE-PARCELLE-CLÔTURÉE-D’UNE-SUPERFICIE-DE-400-M²-EN-VENTE-À-OUAGA2000-EXTENSION-SUD-A-32.500.000,PUBLIEE,2026-06-25 19:05:40.223651+00:00
91,3,91,,,VENTE,44500000.0,UNE-PARCELLE-CLÔTURÉE-DE-TYPE-PAN-COUPE-DE-5.083-M²-EN-VENTE-A-OUAGADOUGOU-QUARTIER-OUAGA2000-A-44.500.000,PUBLIEE,2026-06-25 19:05:40.253647+00:00
92,,92,,2,VENTE,9000000.0,UNE-PARCELLE-D’UNE-SUPERFICIE-DE-7-520-M²-EN-VENTE-A-OUAGADOUGOU-QUARTIER-KAMBOINSE-A-9.000.000,PUBLIEE,2026-06-25 19:05:40.287769+00:00
93,4,93,,,VENTE,20000000.0,UNE-PARCELLE-D’UNE-SUPERFICIE-DE-240-M²-EN-VENTE-A-OUAGADOUGOU-QUARTIER-BONHEUR-VILLE-A-20.000.000,PUBLIEE,2026-06-25 19:05:40.317533+00:00
94,,94,,2,VENTE,8000000.0,UNE-PARCELLE-D’UNE-SUPERFICIE-DE-352-M²-EN-VENTE-A-OUAGADOUGOU-QUARTIER-BAROGO-A-8.000.000,PUBLIEE,2026-06-25 19:05:40.349480+00:00
95,4,95,,,VENTE,10000000.0,UNE-PARCELLE-DE-366-M2-EN-VENTE-A-OUAGADOUGOU-QUARTIER-TENGANDOGO-A-10.000.000,PUBLIEE,2026-06-25 19:05:40.420389+00:00
96,,96,,2,VENTE,14000000.0,UNE-PARCELLE-DE-400-M²-EN-VENTE-A-KAMBOINSE-A-14.000.000,PUBLIEE,2026-06-25 19:05:40.451370+00:00
97,3,97,,,VENTE,13250000.0,UNE-PARCELLE-DE-450-M²-EN-VENTE-À-OUAGADOUGOU-QUARTIER-KALGONDE-A-13.250.000,PUBLIEE,2026-06-25 19:05:40.482375+00:00
98,,98,,2,VENTE,80500000.0,UNE-VILLA-F5-AVEC-PISCINE-ANNEXE-CONSTRUITE-SUR-UNE-PARCELLE-DE-546-M²-EN-VENTE-A-KOULOUBA-A-80.500.000,PUBLIEE,2026-06-25 19:05:40.514149+00:00
99,3,99,,,LOCATION,10000000.0,UNE-VILLA-DE-TYPE-F4-NOUVELLE-CONSTRUCTION-EN-LOCATION-A-OUAGADOUGOU-QUARTIER-BASSINKO-A-1.500.000/années,PUBLIEE,2026-06-25 19:05:40.543604+00:00
100,,100,,1,LOCATION,45500000.0,UNE-VILLA-DE-TYPE-F4-EN-LOCATION-A-LA-CITE-AZIMMO-DE-TAMPOUY-A-45.500.000,PUBLIEE,2026-06-25 19:05:40.573956+00:00
101,4,101,,,VENTE,60000000.0,UNE-VILLA-DE-TYPE-F4-BATIMENT-SUR-UNE-PARCELLE-DE-300-M²-EN-VENTE-A-OUAGADOUGOU-QUARTIER-ZONE-I-A-60.000.000,PUBLIEE,2026-06-25 19:05:40.606504+00:00
102,,102,,1,LOCATION,35500000.0,UNE-VILLA-DE-TYPE-F3-EN-LOCATION-A-LA-CITE-DE-LA-DIASPORA-A-GUIGUEMTENGA-A-35.500.000,PUBLIEE,2026-06-25 19:05:40.638089+00:00
103,3,103,,,LOCATION,45600000.0,UNE-TRES-BELLE-VILLA-EQUIPEE-EN-LOCATION-A-LA-ZONE-DU-BOIS-A-45.600.000,PUBLIEE,2026-06-25 19:05:40.667949+00:00
104,,104,,2,VENTE,53600000.0,UNE-SUPERBE-VILLA-DE-TYPE-F5-BATIMENT-SUR-UNE-PARCELLE-DE-563-M²-EN-A-OUAGADOUGOU-QUARTIER-PISSY-A-53.600.000,PUBLIEE,2026-06-25 19:05:40.694761+00:00
105,4,105,,,VENTE,45700000.0,UNE-MAISON-DE-TYPE-F3-BÂTIMENT-SUR-UNE-PARCELLE-DE-384-M²-EN-VENTE-À-OUAGADOUGOU-QUARTIER-ZONE-I-A-45.700.000,PUBLIEE,2026-06-25 19:05:40.723351+00:00
106,,106,,2,VENTE,35600000.0,UNE-BELLE-VILLA-DE-TYPE-F5-A-LOUER-A-OUAGADOUGOU-QUARTIER-NAGRIN-A-35.600.000,PUBLIEE,2026-06-25 19:05:40.754465+00:00
107,3,107,,,LOCATION,41600000.0,UNE-BELLE-VILLA-DE-TYPE-F4-EN-LOCATION-A-OUAGADOUGOU-QUARTIER-SAABA-A-41.600.000,PUBLIEE,2026-06-25 19:05:40.782613+00:00
108,,108,,2,LOCATION,40100000.0,UNE-BELLE-VILLA-DE-TYPE-F4-EN-LOCATION-A-OUAGADOUGOU-QUARTIER-SAABA-A-40.100.000,PUBLIEE,2026-06-25 19:05:40.812376+00:00
109,4,109,,,LOCATION,40000000.0,UNE-BELLE-VILLA-DE-TYPE-F4-EN-LOCATION-A-OUAGADOUGOU-QUARTIER-SAABA-A-40.000.000,PUBLIEE,2026-06-25 19:05:40.842382+00:00
110,,110,,1,LOCATION,40800000.0,DEUX-MINI-VILLAS-NOUVELLE-CONSTRUCTION-EN-LOCATION-A-OUAGADOUGOU-QUARTIER-TENGANDOGO-A-40.800.000,PUBLIEE,2026-06-25 19:05:40.872631+00:00
111,4,111,,,LOCATION,40050000.0,DEUX-MINI-VILLAS-NOUVELLE-CONSTRUCTION-EN-LOCATION-A-OUAGADOUGOU-QUARTIER-GARGHIN-A-40.050.000,PUBLIEE,2026-06-25 19:05:40.901840+00:00
112,,112,,2,LOCATION,30900000.0,DEUX-MINI-VILLAS-EN-LOCATION-TENGANDOGO-GNAMIAN-BAZI-A-30.900.000,PUBLIEE,2026-06-25 19:05:40.930989+00:00
113,3,113,,,LOCATION,30100000.0,UNE-MINI-VILLAS-EN-LOCATION-TENGANDOGO-GNAMIAN-A-30.100.000,PUBLIEE,2026-06-25 19:05:40.962753+00:00
114,,114,,2,VENTE,50100000.0,NE-SUPERBE-VILLA-DE-TYPE-F5-BATIMENT-SUR-UNE-PARCELLE-DE-569s-M²-EN-A-OUAGADOUGOU-QUARTIER-PISSY-A-50.100.000,PUBLIEE,2026-06-25 19:05:40.995738+00:00
115,4,115,,,LOCATION,29100000.0,UNE-VILLA-DE-TYPE-F4-EN-LOCATION-A-LA-CITE-AZIMMO-DE-TAMPOUY-A-29.100.000,PUBLIEE,2026-06-25 19:05:41.026877+00:00
116,,116,,2,LOCATION,28100000.0,UNE-VILLA-DE-TYPE-F4-NOUVELLE-CONSTRUCTION-EN-LOCATION-A-OUAGADOUGOU-QUARTIER-BASSINKO-A-28.100.000,PUBLIEE,2026-06-25 19:05:41.084684+00:00
117,3,117,,,VENTE,60100000.0,UNE-MAISON-DE-TYPE-F3-BÂTIMENT-SUR-UNE-PARCELLE-DE-384-M²-EN-VENTE-À-OUAGADOUGOU-QUARTIER-ZONE-I-A-60.100.000,PUBLIEE,2026-06-25 19:05:41.123821+00:00
118,,118,,1,LOCATION,10000000.0,UN-MAGNIFIQUE-DUPLEX-DE-TYPE-F9-EN-LOCATION-A-OUAGADOUGOU-QUARTIER-BONHEUR-VILLE-A-10.000.000/année,PUBLIEE,2026-06-25 19:05:41.164129+00:00
119,4,119,,,LOCATION,75000000.0,UN-MAGNIFIQUE-DUPLEX-DE-TYPE-F4-AVEC-PISCINE-EN-LOCATION-A-OUAGADOUGOU-QUARTIER-SOMGANDE-A-75.000.000,PUBLIEE,2026-06-25 19:05:41.197467+00:00
120,,120,,1,LOCATION,10000000.0,UN-IMMEUBLE-R6-EN-LOCATION-A-OUAGADOUGOU-QUARTIER-SANYIRI-11.000.000/année,PUBLIEE,2026-06-25 19:05:41.230271+00:00
121,3,121,,,LOCATION,10000000.0,UN-IMMEUBLE-R3-EN-LOCATION-À-OUAGADOUGOU-QUARTIER-CISSIN-A-16.000.000/année,PUBLIEE,2026-06-25 19:05:41.258684+00:00
122,,122,,1,VENTE,115000000.0,UN-GRAND-DUPLEX-À-RÉNOVER-BÂTI-SUR-UNE-PARCELLE-DE-TYPE-PAN-COUPE-DE-775-M²-EN-VENTE-À-OUAGADOUGOU-QUARTIER-SAMADIN-A-115.000.000,PUBLIEE,2026-06-25 19:05:41.288021+00:00
123,4,123,,,VENTE,75000000.0,UNE-VILLA-DUPLEX-DE-TYPE-F7-BATI-SUR-UNE-PARCELLE-DE-360-M²-EN-VENTE-A-OUAGADOUGOU-QUARTIER-TENGANDOGO-A-75.000.000,PUBLIEE,2026-06-25 19:05:41.317114+00:00
124,,124,,1,LOCATION,10000000.0,UN-DUPLEX-EN-LOCATION-A-OUAGADOUGOU-QUARTIER-ZOGONA-A-15.000.000/année,PUBLIEE,2026-06-25 19:05:41.355292+00:00
125,4,125,,,LOCATION,10000000.0,UN-APPARTEMENT-DE-06-PIECES-EN-LOCATION-A-OUAGADOUGOU-QUARTIER-WAYALGHIN-A-10.000.000/année,PUBLIEE,2026-06-25 19:05:41.402478+00:00
126,,126,,1,LOCATION,10000000.0,UN-DUPLEX-EN-LOCATION-A-OUAGADOUGOU-QUARTIER-ZOGONA-A-17.000.000/année,PUBLIEE,2026-06-25 19:05:41.439178+00:00
127,3,127,,,LOCATION,10000000.0,UN-IMMEUBLE-R6-EN-LOCATION-A-OUAGADOUGOU-QUARTIER-SANYIRI-A-20.500.000/année,PUBLIEE,2026-06-25 19:05:41.464572+00:00
128,,128,,2,LOCATION,90100000.0,UN-IMMEUBLE-R3-EN-LOCATION-À-OUAGADOUGOU-QUARTIER-CISSIN-A-90.100.000,PUBLIEE,2026-06-25 19:05:41.487520+00:00
129,3,129,,,LOCATION,10000000.0,DES-BUREAUX-SITUES-SUR-UN-IMMEUBLE-R5-EN-LOCATION-A-OUAGADOUGOU-QUARTIER-1200-LOGEMENTS-A-25.100.000/année,PUBLIEE,2026-06-25 19:05:41.512796+00:00
130,,130,,1,LOCATION,10000000.0,DES-BUREAUX-SITUES-SUR-UN-IMMEUBLE-R3-EN-LOCATION-A-BOINSYAARE-A-10.000.000/année,PUBLIEE,2026-06-25 19:05:41.546395+00:00
131,3,131,,,LOCATION,10000000.0,DES-BUREAUX-EN-LOCATION-SUR-UN-IMMEUBLE-R2-A-OUAGA2000-ZONE-C-–-EN-BORDURE-DU-BOULEVARD-MOUAMMAR-KADHAFI-A-40.000.000/année,PUBLIEE,2026-06-25 19:05:41.576743+00:00
132,,132,,1,LOCATION,10000000.0,DES-BUREAUX-EN-LOCATION-SUR-UN-IMMEUBLE-R2-A-OUAGA2000-ZONE-C-–-EN-BORDURE-DU-BOULEVARD-MOUAMMAR-KADHAFI-A-45.000.000/année,PUBLIEE,2026-06-25 19:05:41.621623+00:00
133,3,133,,,LOCATION,10000000.0,N-APPARTEMENT-DE-06-PIECES-EN-LOCATION-A-OUAGADOUGOU-QUARTIER-WAYALGHIN-A-18.000.000/année,PUBLIEE,2026-06-25 19:05:41.654137+00:00
134,,134,,1,LOCATION,10000000.0,DES-BUREAUX-SITUES-SUR-UN-IMMEUBLE-R3-EN-LOCATION-A-BOINSYAARE-A-11.000.000/année,PUBLIEE,2026-06-25 19:05:41.685127+00:00
135,3,135,,,LOCATION,10000000.0,UN-IMMEUBLE-R3-EN-LOCATION-À-OUAGADOUGOU-QUARTIER-CISSIN-A-9.000.000/année,PUBLIEE,2026-06-25 19:05:41.714797+00:00
136,,136,,1,LOCATION,10000000.0,UN-MAGNIFIQUE-DUPLEX-DE-TYPE-F9-EN-LOCATION-A-OUAGADOUGOU-QUARTIER-BONHEUR-VILLE-A-12.000.000/année,PUBLIEE,2026-06-25 19:05:41.746384+00:00
137,3,137,,,LOCATION,10000000.0,UN-DUPLEX-EN-LOCATION-A-OUAGADOUGOU-QUARTIER-ZOGONA-A-1.000.000/année,PUBLIEE,2026-06-25 19:05:41.775990+00:00
138,,138,,2,LOCATION,10000000.0,UN-MAGNIFIQUE-TRIPLEX-DE-TYPE-F6-EN-LOCATION-A-OUAGADOUGOU-QUARTIER-ZOGONA-A-1.000.000-CFA/mois,PUBLIEE,2026-06-25 19:05:41.809369+00:00
139,3,139,,,VENTE,10000000.0,UN-TRIPLEX-DE-STANDING-AVEC-PISCINE-EN-VENTE-A-OUAGADOUGOU-QUARTIER-OUAGA-2000-A-91.000.000-CFA,PUBLIEE,2026-06-25 19:05:41.849909+00:00
140,,140,,2,LOCATION,10000000.0,UN-SPACIEUX-TRIPLEX-DE-TYPE-F7-EN-LOCATION-A-OUAGADOUGOU-QUARTIER-BONHEUR-VILLE-A-1.200.000-CFA/mois,PUBLIEE,2026-06-25 19:05:41.889828+00:00
141,4,141,,,VENTE,10000000.0,UN-TRIPLEX-MODERNE-DE-TYPE-F5-EN-VENTE-A-OUAGADOUGOU-QUARTIER-CISSIN-A-61.000.000-CFA,PUBLIEE,2026-06-25 19:05:41.923890+00:00
142,,142,,2,VENTE,10000000.0,UN-GRAND-TRIPLEX-BATI-SUR-UNE-PARCELLE-DE-500-M²-EN-VENTE-A-OUAGADOUGOU-QUARTIER-KARPALA-A-81.000.000-CFA,PUBLIEE,2026-06-25 19:05:41.950789+00:00
143,4,143,,,LOCATION,10000000.0,UN-TRIPLEX-DE-LUXE-AVEC-GARAGE-DOUBLE-EN-LOCATION-A-OUAGADOUGOU-QUARTIER-KOULOUBA-A-900.000-CFA/mois,PUBLIEE,2026-06-25 19:05:41.978445+00:00
144,,144,,2,VENTE,10000000.0,UN-TRIPLEX-DE-TYPE-F8-AVEC-TERRASSE-EN-VENTE-A-OUAGADOUGOU-QUARTIER-WAYALGHIN-A-63.000.000-CFA,PUBLIEE,2026-06-25 19:05:42.003550+00:00
145,3,145,,,LOCATION,10000000.0,UN-TRIPLEX-MEUBLE-DE-TYPE-F6-EN-LOCATION-A-OUAGADOUGOU-QUARTIER-GOUNGHIN-A-1.500.000-CFA/mois,PUBLIEE,2026-06-25 19:05:42.028393+00:00
146,,146,,2,VENTE,10000000.0,UN-MAGNIFIQUE-TRIPLEX-DE-STANDING-EN-VENTE-A-OUAGADOUGOU-QUARTIER-PATTE-D'OIE-A-65.000.000-CFA,PUBLIEE,2026-06-25 19:05:42.055164+00:00
147,4,147,,,LOCATION,10000000.0,UN-TRIPLEX-DE-TYPE-F7-AVEC-JARDIN-EN-LOCATION-A-OUAGADOUGOU-QUARTIER-TANGHIN-A-1.600.000-CFA/mois,PUBLIEE,2026-06-25 19:05:42.082437+00:00
148,,148,,2,VENTE,10000000.0,UN-TRIPLEX-MODERNE-AVEC-PISCINE-ET-DEPENDANCE-EN-VENTE-A-OUAGADOUGOU-QUARTIER-SAABA-A-51.000.000-CFA,PUBLIEE,2026-06-25 19:05:42.114975+00:00
149,4,149,,,VENTE,10000000.0,UN-VASTE-TRIPLEX-DE-TYPE-F9-EN-VENTE-A-OUAGADOUGOU-QUARTIER-OUAGA-2000-A-54.000.000-CFA,PUBLIEE,2026-06-25 19:05:42.145612+00:00
150,,150,,1,LOCATION,10000000.0,UN-TRIPLEX-DE-HAUT-STANDING-EN-LOCATION-A-OUAGADOUGOU-QUARTIER-CISSIN-A-2.000.000-CFA/mois,PUBLIEE,2026-06-25 19:05:42.166785+00:00
151,3,151,,,VENTE,10000000.0,UN-TRIPLEX-AVEC-TOIT-TERRASSE-EN-VENTE-A-OUAGADOUGOU-QUARTIER-ZAD-A-63.000.000-CFA,PUBLIEE,2026-06-25 19:05:42.187760+00:00
152,,152,,2,LOCATION,10000000.0,UN-ELEGANT-TRIPLEX-DE-TYPE-F6-EN-LOCATION-A-OUAGADOUGOU-QUARTIER-SOMGANDE-A-1.000.000-CFA/mois,PUBLIEE,2026-06-25 19:05:42.211001+00:00
153,3,153,,,VENTE,10000000.0,UN-TRIPLEX-DE-STANDING-DE-TYPE-F7-AVEC-PISCINE-EN-VENTE-A-OUAGADOUGOU-QUARTIER-BONHEUR-VILLE-A-58.000.000-CFA,PUBLIEE,2026-06-25 19:05:42.231758+00:00
154,,154,,2,VENTE,12000000.0,UNE-PARCELLE-DE-252-M²-EN-VENTE-A-OUAGADOUGOU-QUARTIER-TAMPOUY-A-12.000.000,PUBLIEE,2026-06-25 19:05:56.289582+00:00
155,4,155,,,VENTE,11000000.0,PARCELLE-250-M²-EN-VENTE-A-OUAGADOUGOU-QUARTIER-TAMPOUY2-A-11.000.000,PUBLIEE,2026-06-25 19:05:56.328573+00:00
156,,156,,2,VENTE,12500000.0,PARCELLE-200-M²-EN-VENTE-A-OUAGADOUGOU-QUARTIER-TAMPOUY1-A-12.500.000,PUBLIEE,2026-06-25 19:05:56.368783+00:00
157,3,157,,,VENTE,15000000.0,PARCELLE-350-M²-EN-VENTE-A-OUAGADOUGOU-QUARTIER-SAMADIN2-A-15.000.000,PUBLIEE,2026-06-25 19:05:56.409300+00:00
158,,158,,1,VENTE,14000000.0,PARCELLE-300-M²-EN-VENTE-A-OUAGADOUGOU-QUARTIER-SAMADIN1-A-14.000.000,PUBLIEE,2026-06-25 19:05:56.447382+00:00
159,3,159,,,VENTE,14500000.0,PARCELLE-350-M²-EN-VENTE-A-OUAGADOUGOU-QUARTIER-SAMADIN1-A-14.500.000,PUBLIEE,2026-06-25 19:05:56.487991+00:00
160,,160,,1,VENTE,16500000.0,PARCELLE-150-M²-EN-VENTE-A-OUAGADOUGOU-QUARTIER-TAGHIN-A-16.500.000,PUBLIEE,2026-06-25 19:05:56.529295+00:00
161,3,161,,,VENTE,15500000.0,TRÈS-BONNE-OPPORTUNITÉ-D’UNE-PARCELLE-DE-660-M²-EN-VENTE-A-OUAGADOUGOU-QUARTIER-SOMGANDE-A-15.500.000,PUBLIEE,2026-06-25 19:05:56.571026+00:00
162,,162,,2,VENTE,16500000.0,TRÈS-BONNE-OPPORTUNITÉ-D’UNE-PARCELLE-DE-500-M²-EN-VENTE-A-OUAGADOUGOU-QUARTIER-SOMGANDE-A-16.500.000,PUBLIEE,2026-06-25 19:05:56.610382+00:00
163,3,163,,,VENTE,14000000.0,UNE-BELLE-PARCELLE-D’UNE-SUPERFICIE-DE-418-M²-EN-VENTE-A-OUAGA2000-EXTENSION-SUD-A-14.000.000,PUBLIEE,2026-06-25 19:05:56.650401+00:00
164,,164,,1,VENTE,10500000.0,UNE-GRANDE-PARCELLE-DUNE-SUPERFICIE-DE-5000-M²-EN-VENTE-A-OUAGADOUGOU-QUARTIER-RIMKIETA-A-10.500.000,PUBLIEE,2026-06-25 19:05:56.722105+00:00
165,3,165,,,VENTE,10000000.0,UNE-PARCELLE-AVEC-BÂTI-DE-254-M²-EN-VENTE-A-OUAGADOUGOU-QUARTIER-TAMPOUY-A-10.000.000,PUBLIEE,2026-06-25 19:05:56.817392+00:00
166,,166,,1,VENTE,32500000.0,UNE-PARCELLE-CLÔTURÉE-D’UNE-SUPERFICIE-DE-400-M²-EN-VENTE-À-OUAGA2000-EXTENSION-SUD-A-32.500.000,PUBLIEE,2026-06-25 19:05:56.879486+00:00
167,3,167,,,VENTE,44500000.0,UNE-PARCELLE-CLÔTURÉE-DE-TYPE-PAN-COUPE-DE-5.083-M²-EN-VENTE-A-OUAGADOUGOU-QUARTIER-OUAGA2000-A-44.500.000,PUBLIEE,2026-06-25 19:05:56.962258+00:00
168,,168,,2,VENTE,9000000.0,UNE-PARCELLE-D’UNE-SUPERFICIE-DE-7-520-M²-EN-VENTE-A-OUAGADOUGOU-QUARTIER-KAMBOINSE-A-9.000.000,PUBLIEE,2026-06-25 19:05:57.003318+00:00
169,4,169,,,VENTE,20000000.0,UNE-PARCELLE-D’UNE-SUPERFICIE-DE-240-M²-EN-VENTE-A-OUAGADOUGOU-QUARTIER-BONHEUR-VILLE-A-20.000.000,PUBLIEE,2026-06-25 19:05:57.047485+00:00
170,,170,,1,VENTE,8000000.0,UNE-PARCELLE-D’UNE-SUPERFICIE-DE-352-M²-EN-VENTE-A-OUAGADOUGOU-QUARTIER-BAROGO-A-8.000.000,PUBLIEE,2026-06-25 19:05:57.088852+00:00
171,4,171,,,VENTE,10000000.0,UNE-PARCELLE-DE-366-M2-EN-VENTE-A-OUAGADOUGOU-QUARTIER-TENGANDOGO-A-10.000.000,PUBLIEE,2026-06-25 19:05:57.133998+00:00
172,,172,,2,VENTE,14000000.0,UNE-PARCELLE-DE-400-M²-EN-VENTE-A-KAMBOINSE-A-14.000.000,PUBLIEE,2026-06-25 19:05:57.198886+00:00
173,3,173,,,VENTE,13250000.0,UNE-PARCELLE-DE-450-M²-EN-VENTE-À-OUAGADOUGOU-QUARTIER-KALGONDE-A-13.250.000,PUBLIEE,2026-06-25 19:05:57.268662+00:00
174,,174,,2,VENTE,80500000.0,UNE-VILLA-F5-AVEC-PISCINE-ANNEXE-CONSTRUITE-SUR-UNE-PARCELLE-DE-546-M²-EN-VENTE-A-KOULOUBA-A-80.500.000,PUBLIEE,2026-06-25 19:05:57.340941+00:00
175,3,175,,,LOCATION,10000000.0,UNE-VILLA-DE-TYPE-F4-NOUVELLE-CONSTRUCTION-EN-LOCATION-A-OUAGADOUGOU-QUARTIER-BASSINKO-A-1.500.000/années,PUBLIEE,2026-06-25 19:05:57.434954+00:00
176,,176,,2,LOCATION,45500000.0,UNE-VILLA-DE-TYPE-F4-EN-LOCATION-A-LA-CITE-AZIMMO-DE-TAMPOUY-A-45.500.000,PUBLIEE,2026-06-25 19:05:57.544832+00:00
177,3,177,,,VENTE,60000000.0,UNE-VILLA-DE-TYPE-F4-BATIMENT-SUR-UNE-PARCELLE-DE-300-M²-EN-VENTE-A-OUAGADOUGOU-QUARTIER-ZONE-I-A-60.000.000,PUBLIEE,2026-06-25 19:05:57.643741+00:00
178,,178,,1,LOCATION,35500000.0,UNE-VILLA-DE-TYPE-F3-EN-LOCATION-A-LA-CITE-DE-LA-DIASPORA-A-GUIGUEMTENGA-A-35.500.000,PUBLIEE,2026-06-25 19:05:57.731132+00:00
179,4,179,,,LOCATION,45600000.0,UNE-TRES-BELLE-VILLA-EQUIPEE-EN-LOCATION-A-LA-ZONE-DU-BOIS-A-45.600.000,PUBLIEE,2026-06-25 19:05:57.847070+00:00
180,,180,,1,VENTE,53600000.0,UNE-SUPERBE-VILLA-DE-TYPE-F5-BATIMENT-SUR-UNE-PARCELLE-DE-563-M²-EN-A-OUAGADOUGOU-QUARTIER-PISSY-A-53.600.000,PUBLIEE,2026-06-25 19:05:57.948083+00:00
181,3,181,,,VENTE,45700000.0,UNE-MAISON-DE-TYPE-F3-BÂTIMENT-SUR-UNE-PARCELLE-DE-384-M²-EN-VENTE-À-OUAGADOUGOU-QUARTIER-ZONE-I-A-45.700.000,PUBLIEE,2026-06-25 19:05:58.048664+00:00
182,,182,,2,VENTE,35600000.0,UNE-BELLE-VILLA-DE-TYPE-F5-A-LOUER-A-OUAGADOUGOU-QUARTIER-NAGRIN-A-35.600.000,PUBLIEE,2026-06-25 19:05:58.155201+00:00
183,3,183,,,LOCATION,41600000.0,UNE-BELLE-VILLA-DE-TYPE-F4-EN-LOCATION-A-OUAGADOUGOU-QUARTIER-SAABA-A-41.600.000,PUBLIEE,2026-06-25 19:05:58.249648+00:00
184,,184,,1,LOCATION,40100000.0,UNE-BELLE-VILLA-DE-TYPE-F4-EN-LOCATION-A-OUAGADOUGOU-QUARTIER-SAABA-A-40.100.000,PUBLIEE,2026-06-25 19:05:58.342957+00:00
185,3,185,,,LOCATION,40000000.0,UNE-BELLE-VILLA-DE-TYPE-F4-EN-LOCATION-A-OUAGADOUGOU-QUARTIER-SAABA-A-40.000.000,PUBLIEE,2026-06-25 19:05:58.464304+00:00
186,,186,,2,LOCATION,40800000.0,DEUX-MINI-VILLAS-NOUVELLE-CONSTRUCTION-EN-LOCATION-A-OUAGADOUGOU-QUARTIER-TENGANDOGO-A-40.800.000,PUBLIEE,2026-06-25 19:05:58.569363+00:00
187,4,187,,,LOCATION,40050000.0,DEUX-MINI-VILLAS-NOUVELLE-CONSTRUCTION-EN-LOCATION-A-OUAGADOUGOU-QUARTIER-GARGHIN-A-40.050.000,PUBLIEE,2026-06-25 19:05:58.647025+00:00
188,,188,,1,LOCATION,30900000.0,DEUX-MINI-VILLAS-EN-LOCATION-TENGANDOGO-GNAMIAN-BAZI-A-30.900.000,PUBLIEE,2026-06-25 19:05:58.712237+00:00
189,4,189,,,LOCATION,30100000.0,UNE-MINI-VILLAS-EN-LOCATION-TENGANDOGO-GNAMIAN-A-30.100.000,PUBLIEE,2026-06-25 19:05:58.805636+00:00
190,,190,,1,VENTE,50100000.0,NE-SUPERBE-VILLA-DE-TYPE-F5-BATIMENT-SUR-UNE-PARCELLE-DE-569s-M²-EN-A-OUAGADOUGOU-QUARTIER-PISSY-A-50.100.000,PUBLIEE,2026-06-25 19:05:58.874358+00:00
191,4,191,,,LOCATION,29100000.0,UNE-VILLA-DE-TYPE-F4-EN-LOCATION-A-LA-CITE-AZIMMO-DE-TAMPOUY-A-29.100.000,PUBLIEE,2026-06-25 19:05:58.943146+00:00
192,,192,,1,LOCATION,28100000.0,UNE-VILLA-DE-TYPE-F4-NOUVELLE-CONSTRUCTION-EN-LOCATION-A-OUAGADOUGOU-QUARTIER-BASSINKO-A-28.100.000,PUBLIEE,2026-06-25 19:05:59.012564+00:00
193,3,193,,,VENTE,60100000.0,UNE-MAISON-DE-TYPE-F3-BÂTIMENT-SUR-UNE-PARCELLE-DE-384-M²-EN-VENTE-À-OUAGADOUGOU-QUARTIER-ZONE-I-A-60.100.000,PUBLIEE,2026-06-25 19:05:59.100086+00:00
194,,194,,2,LOCATION,10000000.0,UN-MAGNIFIQUE-DUPLEX-DE-TYPE-F9-EN-LOCATION-A-OUAGADOUGOU-QUARTIER-BONHEUR-VILLE-A-10.000.000/année,PUBLIEE,2026-06-25 19:05:59.172181+00:00
195,3,195,,,LOCATION,75000000.0,UN-MAGNIFIQUE-DUPLEX-DE-TYPE-F4-AVEC-PISCINE-EN-LOCATION-A-OUAGADOUGOU-QUARTIER-SOMGANDE-A-75.000.000,PUBLIEE,2026-06-25 19:05:59.277124+00:00
196,,196,,1,LOCATION,10000000.0,UN-IMMEUBLE-R6-EN-LOCATION-A-OUAGADOUGOU-QUARTIER-SANYIRI-11.000.000/année,PUBLIEE,2026-06-25 19:05:59.350723+00:00
197,4,197,,,LOCATION,10000000.0,UN-IMMEUBLE-R3-EN-LOCATION-À-OUAGADOUGOU-QUARTIER-CISSIN-A-16.000.000/année,PUBLIEE,2026-06-25 19:05:59.460421+00:00
198,,198,,2,VENTE,115000000.0,UN-GRAND-DUPLEX-À-RÉNOVER-BÂTI-SUR-UNE-PARCELLE-DE-TYPE-PAN-COUPE-DE-775-M²-EN-VENTE-À-OUAGADOUGOU-QUARTIER-SAMADIN-A-115.000.000,PUBLIEE,2026-06-25 19:05:59.544832+00:00
199,4,199,,,VENTE,75000000.0,UNE-VILLA-DUPLEX-DE-TYPE-F7-BATI-SUR-UNE-PARCELLE-DE-360-M²-EN-VENTE-A-OUAGADOUGOU-QUARTIER-TENGANDOGO-A-75.000.000,PUBLIEE,2026-06-25 19:05:59.609564+00:00
200,,200,,2,LOCATION,10000000.0,UN-DUPLEX-EN-LOCATION-A-OUAGADOUGOU-QUARTIER-ZOGONA-A-15.000.000/année,PUBLIEE,2026-06-25 19:05:59.674210+00:00
201,3,201,,,LOCATION,10000000.0,UN-APPARTEMENT-DE-06-PIECES-EN-LOCATION-A-OUAGADOUGOU-QUARTIER-WAYALGHIN-A-10.000.000/année,PUBLIEE,2026-06-25 19:05:59.774891+00:00
202,,202,,1,LOCATION,10000000.0,UN-DUPLEX-EN-LOCATION-A-OUAGADOUGOU-QUARTIER-ZOGONA-A-17.000.000/année,PUBLIEE,2026-06-25 19:05:59.845135+00:00
203,4,203,,,LOCATION,10000000.0,UN-IMMEUBLE-R6-EN-LOCATION-A-OUAGADOUGOU-QUARTIER-SANYIRI-A-20.500.000/année,PUBLIEE,2026-06-25 19:05:59.909143+00:00
204,,204,,1,LOCATION,90100000.0,UN-IMMEUBLE-R3-EN-LOCATION-À-OUAGADOUGOU-QUARTIER-CISSIN-A-90.100.000,PUBLIEE,2026-06-25 19:05:59.999493+00:00
205,3,205,,,LOCATION,10000000.0,DES-BUREAUX-SITUES-SUR-UN-IMMEUBLE-R5-EN-LOCATION-A-OUAGADOUGOU-QUARTIER-1200-LOGEMENTS-A-25.100.000/année,PUBLIEE,2026-06-25 19:06:00.104637+00:00
206,,206,,2,LOCATION,10000000.0,DES-BUREAUX-SITUES-SUR-UN-IMMEUBLE-R3-EN-LOCATION-A-BOINSYAARE-A-10.000.000/année,PUBLIEE,2026-06-25 19:06:00.187810+00:00
207,3,207,,,LOCATION,10000000.0,DES-BUREAUX-EN-LOCATION-SUR-UN-IMMEUBLE-R2-A-OUAGA2000-ZONE-C-–-EN-BORDURE-DU-BOULEVARD-MOUAMMAR-KADHAFI-A-40.000.000/année,PUBLIEE,2026-06-25 19:06:00.279114+00:00
208,,208,,2,LOCATION,10000000.0,DES-BUREAUX-EN-LOCATION-SUR-UN-IMMEUBLE-R2-A-OUAGA2000-ZONE-C-–-EN-BORDURE-DU-BOULEVARD-MOUAMMAR-KADHAFI-A-45.000.000/année,PUBLIEE,2026-06-25 19:06:00.414260+00:00
209,3,209,,,LOCATION,10000000.0,N-APPARTEMENT-DE-06-PIECES-EN-LOCATION-A-OUAGADOUGOU-QUARTIER-WAYALGHIN-A-18.000.000/année,PUBLIEE,2026-06-25 19:06:00.590301+00:00
210,,210,,1,LOCATION,10000000.0,DES-BUREAUX-SITUES-SUR-UN-IMMEUBLE-R3-EN-LOCATION-A-BOINSYAARE-A-11.000.000/année,PUBLIEE,2026-06-25 19:06:00.663904+00:00
211,3,211,,,LOCATION,10000000.0,UN-IMMEUBLE-R3-EN-LOCATION-À-OUAGADOUGOU-QUARTIER-CISSIN-A-9.000.000/année,PUBLIEE,2026-06-25 19:06:00.740092+00:00
212,,212,,2,LOCATION,10000000.0,UN-MAGNIFIQUE-DUPLEX-DE-TYPE-F9-EN-LOCATION-A-OUAGADOUGOU-QUARTIER-BONHEUR-VILLE-A-12.000.000/année,PUBLIEE,2026-06-25 19:06:00.811665+00:00
213,3,213,,,LOCATION,10000000.0,UN-DUPLEX-EN-LOCATION-A-OUAGADOUGOU-QUARTIER-ZOGONA-A-1.000.000/année,PUBLIEE,2026-06-25 19:06:00.880107+00:00
214,,214,,1,LOCATION,10000000.0,UN-MAGNIFIQUE-TRIPLEX-DE-TYPE-F6-EN-LOCATION-A-OUAGADOUGOU-QUARTIER-ZOGONA-A-1.000.000-CFA/mois,PUBLIEE,2026-06-25 19:06:00.970196+00:00
215,3,215,,,VENTE,10000000.0,UN-TRIPLEX-DE-STANDING-AVEC-PISCINE-EN-VENTE-A-OUAGADOUGOU-QUARTIER-OUAGA-2000-A-91.000.000-CFA,PUBLIEE,2026-06-25 19:06:01.046799+00:00
216,,216,,1,LOCATION,10000000.0,UN-SPACIEUX-TRIPLEX-DE-TYPE-F7-EN-LOCATION-A-OUAGADOUGOU-QUARTIER-BONHEUR-VILLE-A-1.200.000-CFA/mois,PUBLIEE,2026-06-25 19:06:01.124797+00:00
217,3,217,,,VENTE,10000000.0,UN-TRIPLEX-MODERNE-DE-TYPE-F5-EN-VENTE-A-OUAGADOUGOU-QUARTIER-CISSIN-A-61.000.000-CFA,PUBLIEE,2026-06-25 19:06:01.214665+00:00
218,,218,,2,VENTE,10000000.0,UN-GRAND-TRIPLEX-BATI-SUR-UNE-PARCELLE-DE-500-M²-EN-VENTE-A-OUAGADOUGOU-QUARTIER-KARPALA-A-81.000.000-CFA,PUBLIEE,2026-06-25 19:06:01.290170+00:00
219,4,219,,,LOCATION,10000000.0,UN-TRIPLEX-DE-LUXE-AVEC-GARAGE-DOUBLE-EN-LOCATION-A-OUAGADOUGOU-QUARTIER-KOULOUBA-A-900.000-CFA/mois,PUBLIEE,2026-06-25 19:06:01.352450+00:00
220,,220,,1,VENTE,10000000.0,UN-TRIPLEX-DE-TYPE-F8-AVEC-TERRASSE-EN-VENTE-A-OUAGADOUGOU-QUARTIER-WAYALGHIN-A-63.000.000-CFA,PUBLIEE,2026-06-25 19:06:01.466952+00:00
221,3,221,,,LOCATION,10000000.0,UN-TRIPLEX-MEUBLE-DE-TYPE-F6-EN-LOCATION-A-OUAGADOUGOU-QUARTIER-GOUNGHIN-A-1.500.000-CFA/mois,PUBLIEE,2026-06-25 19:06:01.578058+00:00
222,,222,,1,VENTE,10000000.0,UN-MAGNIFIQUE-TRIPLEX-DE-STANDING-EN-VENTE-A-OUAGADOUGOU-QUARTIER-PATTE-D'OIE-A-65.000.000-CFA,PUBLIEE,2026-06-25 19:06:01.693494+00:00
223,3,223,,,LOCATION,10000000.0,UN-TRIPLEX-DE-TYPE-F7-AVEC-JARDIN-EN-LOCATION-A-OUAGADOUGOU-QUARTIER-TANGHIN-A-1.600.000-CFA/mois,PUBLIEE,2026-06-25 19:06:01.762957+00:00
224,,224,,1,VENTE,10000000.0,UN-TRIPLEX-MODERNE-AVEC-PISCINE-ET-DEPENDANCE-EN-VENTE-A-OUAGADOUGOU-QUARTIER-SAABA-A-51.000.000-CFA,PUBLIEE,2026-06-25 19:06:01.843676+00:00
225,3,225,,,VENTE,10000000.0,UN-VASTE-TRIPLEX-DE-TYPE-F9-EN-VENTE-A-OUAGADOUGOU-QUARTIER-OUAGA-2000-A-54.000.000-CFA,PUBLIEE,2026-06-25 19:06:01.932582+00:00
226,,226,,2,LOCATION,10000000.0,UN-TRIPLEX-DE-HAUT-STANDING-EN-LOCATION-A-OUAGADOUGOU-QUARTIER-CISSIN-A-2.000.000-CFA/mois,PUBLIEE,2026-06-25 19:06:02.024324+00:00
227,3,227,,,VENTE,10000000.0,UN-TRIPLEX-AVEC-TOIT-TERRASSE-EN-VENTE-A-OUAGADOUGOU-QUARTIER-ZAD-A-63.000.000-CFA,PUBLIEE,2026-06-25 19:06:02.091160+00:00
228,,228,,1,LOCATION,10000000.0,UN-ELEGANT-TRIPLEX-DE-TYPE-F6-EN-LOCATION-A-OUAGADOUGOU-QUARTIER-SOMGANDE-A-1.000.000-CFA/mois,PUBLIEE,2026-06-25 19:06:02.166082+00:00
229,4,229,,,VENTE,10000000.0,UN-TRIPLEX-DE-STANDING-DE-TYPE-F7-AVEC-PISCINE-EN-VENTE-A-OUAGADOUGOU-QUARTIER-BONHEUR-VILLE-A-58.000.000-CFA,PUBLIEE,2026-06-25 19:06:02.235695+00:00
